Model,Accuracy,Precision,Recall,F1_Score,Specificity,ROC_AUC
Logistic Regression,0.6088888888888889,0.2912621359223301,0.6666666666666666,0.40540540540540543,0.5944444444444444,0.6806172839506173
Neural Network,0.7644444444444445,0.4090909090909091,0.4,0.4044943820224719,0.8555555555555555,0.6703703703703704
Svm,0.6,0.2857142857142857,0.6666666666666666,0.4,0.5833333333333334,
Mlp,0.76,0.4,0.4,0.4,0.85,0.6101234567901235
Naive Bayes,0.6666666666666666,0.27941176470588236,0.4222222222222222,0.336283185840708,0.7277777777777777,0.5762962962962963
Ensemble,0.7555555555555555,0.3611111111111111,0.28888888888888886,0.32098765432098764,0.8722222222222222,0.6388888888888888
Knn,0.56,0.22448979591836735,0.4888888888888889,0.3076923076923077,0.5777777777777777,0.6051234567901235
